ORIGINAL_TITLE|TITLE|ID|PRODUCTION|YEAR|RUNTIME|GENERES|RATING|N_VOTES|DIRECTOR|WRITERS|ACTORS
Deep Water|Acque profonde|tt2180339|['US']|2022|116|['Thriller', 'Drama']|5.4|18124.0|['Adrian Lyne']|['Zach Helm', 'Sam Levinson', 'Patricia Highsmith']|['Ben Affleck', 'Ana de Armas', 'Tracy Letts', 'Grace Jenkins', 'Dash Mihok', 'Rachel Blanchard', 'Kristen Connolly', 'Jacob Elordi', 'Lil Rel Howery', 'Brendan Miller', 'Jade Fernandez', 'Finn Wittrock', 'Michael Braun', 'Devyn A. Tyler', 'Michael Scialabba', 'Jeff Pope', 'Paul Teal', 'Juliet Brett', 'Damon Lipari', 'Jaren Mitchell', 'Sam Malone', 'Armando Leduc', 'Shauna Rappold', 'Martinez', 'Krystal Tomlin', 'Jason Edwards', 'Sefenech Henok', 'Anna Bruno', 'Tiffany Christy', 'Joanna Connor', 'Maddison Marx', 'Goldie Lowe', 'Darius Lindsley', 'Dave Bass', 'William Buster Benefield', 'Giovanni Cohea', 'Sheenan Cole', 'Kelly Connolly', 'Marlon Hayes', 'Gregory Hobson', 'Elton LeBlanc', 'Krystal Magee', 'Andrew Penrow', 'Anne Speed', 'Victoria Paige Watkins', 'Calvin Williams']
I cassamortari|I cassamortari|tt12580324|['IT', 'ES']|2022|102|['Comedy']|||['Claudio Amendola']|['Francesca Neri', 'Roberto Iannone', 'Kissy Dugan', 'Claudio Amendola', 'Luigi Di Capua']|['Claudio Amendola', 'Sonia Bergamasco', 'Alessandro Sperduti', 'Edoardo Leo', 'Gianmarco Tognazzi', 'Massimo Ghini', 'Lucia Ocone', 'Emanuel Caserio', 'Alessandro Benvenuti', 'Antonello Fassari', 'Massimo Dapporto', 'Piero Pelù', 'Simone Mariani']
Hotel Transylvania: Transformania|Hotel Transylvania - Uno scambio mostruoso|tt9848626|['US']|2022|87|['Comedy', 'Action', 'Animation', 'Family', 'Fantasy', 'Romance', 'Horror']|6.0|24217.0|['Derek Drymon', 'Jennifer Kluska']|['Amos Vernon', 'Nunzio Randazzo', 'Genndy Tartakovsky', 'Todd Durham']|['Andy Samberg', 'Selena Gomez', 'Kathryn Hahn', 'Jim Gaffigan', 'Steve Buscemi', 'Molly Shannon', 'David Spade', 'Keegan-Michael Key', 'Brian Hull', 'Fran Drescher', 'Brad Abrell', 'Asher Blinkoff', 'Zoe Berri', 'Tyler Blevins', 'Genndy Tartakovsky', 'Asher Bishop', 'Jennifer Kluska', 'Victoria Gomez', 'Derek Drymon', 'Aaron LaPlante', 'Melissa Sturm', 'Chloé Malaisé', 'Scott Underwood', 'Michelle Murdocca', 'Will Townsend', 'David Berón', 'Natalia Castellanos', 'Todd Haberkorn', 'Jess Harnell', 'Marabina Jaimes', 'Lex Lang', 'Caitlin McKenna', 'David Michie', 'Diego Osorio', 'Juan Pacheco', 'Jacqueline Pinol', 'Ben Pronsky', 'Michelle Ruff', 'Fred Tatasciore', 'Amanda Troop', 'Debra Wilson', 'Michael-Leon Wooley']
I Want You Back|I Want You Back|tt6462958|['US']|2022|117|['Romance', 'Comedy', 'Family']|6.6|12058.0|['Jason Orley']|['Isaac Aptaker', 'Elizabeth Berger']|['Charlie Day', 'Jenny Slate', 'Scott Eastwood', 'Gina Rodriguez', 'Manny Jacinto', 'Clark Backo', 'Luke David Blumm', 'Giselle Torres', 'Isabel May', 'Quinn Cooke', 'Pete Davidson', 'Claudia Rocafort', 'Jami Gertz', 'Kysen Acevedo', 'Lauren Halperin', 'Betsy Sligh', 'Braxton Alexander', 'Thy Bui', 'Jordan Carlos', 'Mason Gooding', 'Saya Watkins', 'Marco Schittone', 'Franco Castan', 'Dylan Gelula', 'Jessi Goei', 'Ben McKenzie', 'Manny Magnus', 'Lynne Ashe', 'Polly Craig', 'Dax Dupuy', 'Yanni Kitas', 'Spencer Murrill', 'Kenneth Rouché', 'Austin Seifert', 'Julian Williams', 'Marcia Adams', 'Aleks Alifirenko Jr.', 'Chloe Asbell', 'Elizabeth Carlile', 'Christopher Cocke', 'Abby Colville', 'Liam Colville', 'DaeSun Cupid', 'Linda D Gaines', 'Ava Ann Gale', 'Daniel Garcia', 'Grant Henley', 'Tyrell Hill', 'Myrom Kingery', 'Jeannie Ledford', 'Christie McLendon', 'Kerstyn Murray', 'Babatunde Oyewo', 'Josh Royston', 'Juan Szilagyi', 'Rachel Trautmann', 'Niquitta S. Wolfe']
Lucy and Desi|Lucy and Desi|tt12971802|['US']|2022|103|['Documentation']|7.9|50.0|['Amy Poehler']|['Mark Monroe']|['Lucie Arnaz', 'Bette Midler', 'Carol Burnett', 'Laura Laplaca', 'Eduardo Machado', 'Charo', 'Journey Gunderson', 'Gregg Oppenheimer', 'David Daniels', 'Norman Lear', 'Desi Arnaz Jr.', 'Desi Arnaz', 'Lucille Ball', 'Michele Spitz', 'Michael Stern']
எப்.ஐ.ஆர்|F.I.R|tt11468258|['IN']|2022|156|['Thriller', 'Action']|8.1|549.0|['Manu Anand']|['Divyanka']|['Vishnu Vishal', 'Manjima Mohan', 'Gautham Vasudev Menon', 'Reba Monica John', 'Maala Parvathi', 'Raiza Wilson', 'Gaurav Narayanan', 'Amaan', 'Bharath', 'Rakesh Brahmanandan', 'Ram C.', 'Madhan Chandar', 'Chandru', 'Dayalan', 'Bala Ganesh', 'Abishek Joseph George', 'Gireesh', 'Jaseel', 'Jatin', 'Praveen K.', 'Vinod Kailash', 'Jayaditya Kang', 'Kannan', 'Dinesh Kannan', 'Malar Kannan', 'Mohana Kannan', 'Ajith Koshy', 'Kumar', 'Ajith Kumar', 'Manish Kumar', 'Kumaran', 'Iftekhar Mahmud', 'Rnr Mahonar', 'Manjunath', 'Morris', 'Praveen Muthurangan', 'Suriya Narayanan', 'Jaguar Nathan', 'Nixon', 'Parameshwaran', 'Prabhakar', 'Hari Prasad', 'Prashanth', 'Priyanka', 'Kadugu Ramamurthy', 'Riyaz', 'Sachin', 'Sai', 'Sameer', 'Saravanan', 'Saroja', 'Akash Durai Sayi', 'Sai Senthil', 'Shiva', 'Shyam', 'Sridhar', 'Sujatha', 'Avadi Suresh', 'Swaksha', 'Vicky', 'Arul Vincent', 'Vivek', 'Yogiram']
Master|La specialista|tt11286210|['US']|2022|99|['Thriller', 'Horror', 'Drama']|4.8|2271.0|['Mariama Diallo']|['Mariama Diallo']|['Regina Hall', 'Zoe Renee', 'Julia Nightingale', 'Talia Ryder', 'Ella Hunt', 'Noa Fisher', 'Anna Van Patten', 'D.C. Anderson', 'Angela Grovey', 'Will Hochman', 'John Kroft', 'Amber Gray', 'Bruce Altman', 'Talia Balsam', 'Kara Young', 'Emmett Carnahan', 'Megan Byrne', 'Orlagh Cassidy', 'Robert Emmet Lunney', 'Joel de la Fuente', 'Jennifer Dundas', 'Ty Molbak', 'Paige Rhea Allison', 'John Way', 'Edelen McWilliams', 'Tim Barker', 'Karin Calabro', 'Cate Smit', 'Tommy Bo', 'Paola Sanchez Abreu', 'Armand Schultz', 'Shannon Dorsey', 'Ian Bedford', 'Beth Dixon', 'Okwui Okpokwasili', 'Vin Knight', 'Mary Catherine Wright', 'Larry Bull', 'Emma Copp', 'Jasmine Hope Bloch', 'Keelia Clarkson', 'Izabel Dorst', 'Rich Dubin', 'Kerry Flanagan', 'Leslie Fray', 'Kathryn Grace', 'David E. Jenkins Jr.', 'Tess Kondratiev', 'Marsin Mogielski', 'Raina Pellinger', 'Vincent Yacovelli']
The Weeknd x Dawn FM Experience|L'esperienza The Weeknd x Dawn FM|tt18309940|['US']|2022|34|['Music']|||['Micah Bickham']|['Micah Bickham', 'Lamar C. Taylor', 'The Weeknd']|['The Weeknd', 'Daniel Lopatin', 'Maria Arroyo', 'Jim Carrey', 'Andrew C. Carson']
Biffy Clyro: Cultural Sons of Scotland|Biffy Clyro: Cultural Sons of Scotland|tt18286510||2022|66|['Music', 'Documentation']|8.5|17.0|['Jack Lowe']||['Ben Johnston', 'James Jonhston', 'Simon Neil']
Tre sorelle|Tre sorelle|tt16436694|['IT']|2022|92|['Comedy']|3.8|62.0|['Enrico Vanzina']||"['Serena Autieri', 'Giulia Bevilacqua', 'Chiara Francini', 'Rocío Muñoz', 'Fabio Troiano', 'Luca Ward', 'Massimiliano Rosolino', 'Robert Steiner', 'Augusto Fornari', 'Vincenzo Sebastiani', 'Carolina Signore', ""Danilo D'Agostino"", 'Nadia Rinaldi', 'Eleonora Pedron', 'Maria Amato', 'Michele Barbuscia', 'Sofia Bartoli', 'Fabio Bongini', 'Maria Cacchiarelli', 'Enrico Maria Calamante', 'Piergiorgio Filippi', 'Massimo Fradelloni', 'Chiara Giacometti', 'Harmail Kumar', 'Tiziano Lepone', 'Ester Perfetti', 'Romeo Alex Perrone', 'Giulio Schiffer']"
Rooney|Rooney|tt14637756|['GB']|2022|105|['Documentation', 'Sport']|6.9|1186.0|['Matt Smith']||['David Beckham', 'Sven-Göran Eriksson', 'Rio Ferdinand', 'Thierry Henry', 'Oliver Holt', 'Jeanette', 'José Mourinho', 'David Moyes', 'Gary Neville', 'Jonathan Northcroft', 'Cristiano Ronaldo', 'Coleen Rooney', 'Wayne Rooney', 'Wayne Snr', 'Paul Stretford', 'Tony', 'Clive Tyldesley', 'Arsène Wenger']
The Adventure of A.R.I.: My Robot Friend|A.R.I. - Il Mio Amico Robot|tt9578746|['US']|2022|89|['Scifi', 'Family']|4.4|346.0|['Stephen Shimek']|['Michael Baumgarten', 'Jerome Reygner-Kalfon', 'Sebastien Semon']|['Jude Manley', 'Sophia Alongi', 'J.R. Brown', 'Greg Lutz', 'Cait Brasel', 'Justin Phillip', 'Kyle Jacob Henry', 'Bill Jenkins', 'Caleb Hennigan', 'Jeremy Miller', 'Christy Tate', 'Allyson Cristofaro', 'Phil Redburn', 'Sean Amir Danley', 'Forrest Lynn', 'Craig Cole', 'Cheyenne Rose Martin', 'Rayne Thomas', 'Brent Whitacre', 'Mark Adam Goff', 'Tom Orr', 'Kody Burns', 'Rustin Daniels', 'Geren Davis', 'Julienne Rosa de Oliveira', 'Katie Fairbanks', 'Mya Hayes', 'Hannah Kyong', 'Connie Lynn Moore', 'R. Warren Nelson', 'Dathan Smith', 'David C Tam', 'Zachary Turner', 'Karla Vanatta', 'Angel Vides', 'Jake Washburn', 'Greg Williams', 'Kenneth Wayne Wood']
जलसा|Jalsa|tt15361028|['IN']|2022|127|['Thriller']|||['Suresh Triveni']|['Prajwal Chandrashekar', 'Abbas Dalal', 'Hussain Dalal', 'Suresh Triveni']|['Vidya Balan', 'Shefali Shah', 'Rohini Hattangadi', 'Vidhatri Bandi', 'Manav Kaul', 'Iqbal Khan', 'Surya Kasibhatla', 'Shrikant Yadav', 'Ghanshyam Lalsa', 'Gurpal Singh', 'Shafeen Patel', 'Sharad', 'Kashish Rizwan', 'Junaid Khan', 'Vijay Nikam', 'Trushant Ingle', 'Monu Gurjar', 'Uday Vir Singh Yadav', 'Mangesh Desai', 'Sanjana Deshmukh', 'Sofiya Khan', 'Sahil Brown', 'Abbas Dalal', 'Ajit Kelkar', 'Vicky Baidnath', 'Kishore Ganghane', 'Chris George', 'Sharad Jadhav', 'Jolly Kumar', 'Mitresh Mahesh', 'Gayatri Nayar', 'Archana Patel', 'Nirmal Raghav', 'Nirmit Vaishnav']
Federica Pellegrini - Underwater|Federica Pellegrini - Underwater|tt17055226|['IT']|2022|89|['Documentation']|6.7|61.0|['Sara Ristori']|['Valdo Gamberutti', 'Sara Ristori', 'Davide Savelli']|['Federica Pellegrini']
ホームステイ|HOMESTAY|tt17077058|['JP']|2022|112|['Fantasy', 'Drama', 'Romance']|6.5|48.0|['Natsuki Seta']||['Kento Nagao', 'Rikako Yagi', 'Anna Yamada']
गहराइयाँ|Gehraiyaan|tt16492964|['IN']|2022|148|['Romance', 'Comedy', 'Drama']|6.2|39989.0|['Shakun Batra']|['Shakun Batra', 'Ayesha DeVitre', 'Sumit Roy', 'Yash Sahai']|['Deepika Padukone', 'Ananya Pandey', 'Dhairya Karwa', 'Naseeruddin Shah', 'Siddhant Chaturvedi', 'Rajat Kapoor', 'Backagaindancer', 'Pavleen Gujral', 'Shehzad Shaikh', 'Shataf Figar', 'Natasha Rastogi', 'Kanupriya Gupta', 'Neha Vyas', 'Aastha Khanna', 'Kamal Adib', 'Takesh Singh', 'Mohini Kewalramani', 'Kanika Dang', 'Yamini Joshi', 'Bhakti Maniar', 'Jiten Jatania', 'Ananya Anand', 'Shereena Master', 'Gautam Berde', 'Zubin Sethi', 'Sankalp Luthra', 'Kavita Gupta', 'Karan Sharma', 'Vihaan Chaudhary', 'Ashish Singh', 'Varun Narayan', 'Vishaka Kavlekar', 'Bunty', 'Deepak Kriplani Palani', 'Imran Chappar', 'Ankita Podder', 'Sunil Borkar', 'Rhea', 'Yash Sahai', 'Fiona Gonsalves', 'Sonam Wangdi', 'Abhishek', 'Vedansh', 'Deepak Kriplani', 'Arzoo', 'Karan Kapoor', 'Ayesha Bilimoria', 'Eroll Marks', 'Reshma', 'Alison Gonsalves', 'Vikhyat Sahni', 'Anaaya Anand', 'Nazeen Madan', 'Rohit Kapoor', 'Anup Sharma', 'Chandani Zatakia']
Sumaira Shaikh: Dongri Danger|Dongri Danger|tt18305352|['IN']|2022|56|['Comedy']|5.0|10.0|['Sumukhi Suresh']||['Sumaira Shaikh']
Mahaan|Mahaan|tt12472554|['IN']|2022|163|['Drama', 'Thriller', 'Action']|8.1|9081.0|['Karthik Subbaraj']|['Karthik Subbaraj']|['Vikram', 'Simran', 'Dhruv Vikram', 'Bobby Simha', 'Vettai Muthu Kumar', 'Sananth', 'Alaudeen', 'Amoz', 'Anbu', 'Bharathan', 'Vani Bhojan', 'Ram Charles', 'Aakshath Das', 'Deva', 'Ezhil', 'Benito Franklin', 'Gajaraj', 'Gunalan', 'Kaleeswaran', 'Kalivaanan', 'Karthik', 'Karthikeyan', 'Kashvi', 'Jai Krishna', 'Kumar', 'Nithish Kumar', 'Sasi Kumar', 'Sathish Kumar', 'Roshan Mark Lawrence', 'Louis', 'Manokaran', 'Balu Miranda', 'Murugavel', 'Murugusekar', 'Esakki Muthu', 'Vijaya Muthu', 'Sridhar Narayanan', 'Aadukalam Naren', 'Nathan', 'Deepak Paramesh', 'Pargunan', 'Sathya Prema', 'Madhu Priya', 'Master Raghavan', 'Raja', 'Ramachandran', 'Ramanisamy', 'Ruthru', 'Sabari', 'Sachin', 'Balaji Sakthivel', 'Sanjay', 'Sai Shankar', 'Virendar Sharma', 'Mani Simon', 'Paramjith Singh', 'Sirajudeen', 'Subatra', 'Subramanian', 'Sai Tamil', 'Vetri', 'Vishalini', 'Yuvaraj']
One Cut Two Cut|One Cut Two Cut|tt17520606|['IN']|2022|88|['Comedy']|4.7|461.0|['Vamsidhar Bhogaraju']|['Vamsidhar Bhogaraju', 'Danish Sait']|['Apoorva Amaresh', 'Hmt Ramesh Babu', 'Balaji', 'Aruna Balraj', 'Prakash Belawadi', 'Bhanupriya', 'Jayanth Bhat', 'Vamsidhar Bhogaraju', 'Adishesh Bs', 'Chandrakanth', 'Chirag', 'Nischal Dambekodi', 'Darshan', 'Dhanushree', 'Dimpy Fadhya', 'Gaurav', 'Gautham', 'Manosh Sen Gupta', 'Ashwin Hassan', 'Samyuktha Hornadu', 'Keerthan', 'Boris Kenneth', 'Kishan', 'Krishnamurthy', 'Vineeth Kumar', 'Mahalakshmi', 'Sampath Maitreya', 'Narsimha Murthy', 'Soundarya Nagaraj', 'Namani', 'Nandish', 'Suhas Navaratna', 'Neelakanta', 'Roopa Rayappa', 'Rishi', 'Danish Sait', 'Ajay Samson', 'Subramani', 'Mansee Shah Thard', 'Shree Vaishnav', 'Varsha']
Family Pack|Family Pack|tt12344970|['IN']|2022|110|['Comedy', 'Drama', 'Romance']|7.1|189.0|['Arjun Kumar S']|['Arjun Kumar .S.']|['Sihi Kahi Chandru', 'Dattanna', 'Chandana Gowda', 'Chandu Gowda', 'Nidhi Gowda', 'Sharmitha Gowda', 'Mahantesh Hiremath', 'Amrutha Iyengar', 'Jahangir', 'Sadhu Kokila', 'Achyuth Kumar', 'Master Mourya', 'Nagabhushana', 'Nishchitha', 'Raaghu Raamanakoppa', 'Rangayana Raghu', 'Shruthi Ramesh', 'Padmaja Rao', 'Pooja Rao', 'Anupa Satish', 'Sujay Shastry', 'Likith Shetty', 'Santhosh Shetty', 'Shivram', 'Badarinath Venkatesh', 'Master Yuvaan']
Pawankhind|पावनखिंड|tt14448632|['IN']|2022|153|['Drama', 'History', 'Action']|9.9|2036.0|['Digpal Lanjekar']|['Digpal Lanjekar']|['Chinmay Mandlekar', 'Mrinal Kulkarni', 'Ajay Purkar', 'Ruchi Savarn Mohan', 'Prajakta Mali', 'Surabhi Bhave', 'Ujwala Jog', 'Madhavi Nimkar', 'Sameer Dharmadhikari', 'Kshitee Jog', 'Astad Kale', 'Rishi Saxena', 'Ankit Mohan', 'Dipti Ketkar', 'Harish Dudhade', 'Akshay Waghmare', 'Ajinkya Nanaware', 'Bipin Suresh Surve', 'Vaibhav Mangale', 'Sunil Jadhav', 'Sachin Bhilare', 'Vikram Gaikwad', 'Shivraj Vaychal', 'Rajan Bhise', 'Rohan Mankani', 'Sushrut Mankani', 'Jayendra More', 'Stavan Shinde', 'Amir Tadwalkar', 'Shivraj Waichal']
Good Luck Sakhi|Good Luck Sakhi|tt11295246|['IN']|2022|118|['Romance', 'Drama']|7.3|1424.0|['Aanchal Agarwal', 'Nagesh Kukunoor']|['Nagesh Kukunoor', 'Sandeep Raj']|['Keerthy Suresh', 'Aadhi', 'Jagapathi Babu', 'Ramaprabha', 'Rahul Ramakrishna', 'Raghu Babu', 'Gayatri Bhargavi', 'Bindu Chandramouli', 'Lalitha Shivangi Prakash Deshpande', 'Harshini', 'Kumar Kasaram', 'Kavitha', 'Krishna Kireeti', 'Abhishek Maharshi', 'Mallikarjun', 'Bhaskar Manyam', 'Nagoor', 'Guru Pavan', 'Poornaji', 'Prabhavathi', 'Purushotham', 'Purushottham', 'Lt Venu Gopal Rao', 'Prasad Sharma', 'Divya Sripada', 'Vv Subramanyam', 'Swetaa Varma', 'Venugopal']
ആറാട്ട്|Aaraattu|tt13468976|['IN']|2022|168|['Drama', 'Comedy', 'Action']|5.9|1835.0|['B. Unnikrishnan']|['Udaykrishnan']|['Mohanlal', 'Shraddha Srinath', 'Siddique', 'Vijayaraghavan', 'Saikumar', 'Nedumudi Venu', 'Ramachandra Raju', 'Prabhakar', 'Ganesh Kumar', 'Swasika Vijay', 'Malavika Menon', 'Neha Saxena', 'Rachana Narayanankutty', 'Nandu', 'Maya Vishwanath', 'Biju Pappan', 'Rony David', 'Santhosh Keezhattoor', 'Ramu', 'Indrans', 'Shivaji Guruvayoor', 'Johny Antony', 'Kochu Preman', 'Anjali Nair', 'Tanvi Ram', 'Sreejith Ravi', 'Pradeep Kottayam', 'Prasanth', 'Riyaz Khan', 'Baiju Ezhupunna', 'Ravikumar', 'Seetha', 'Gaadha', 'Kottayam Ramesh', 'Ashwin Kumar', 'Sadhika Venugopal', 'Meera Nair', 'Lukman Lukku', 'Sharik Khan', 'Nandu Poduval', 'Biju Menon', 'Antony Perumbavoor', 'Dhruvan', 'A.R. Rahman', 'Drums Shivamani', 'V.K. Sriraman', 'Kalamandalam Gopi', 'Anarkali Nazar', 'Sampath Raj', 'Meka Srikanth', 'Anand', 'Senthil Krishna', 'Thalaivasal Vijay', 'Raghu', 'Renji Panicker', 'Alencier Ley Lopez', 'Nisthar Sait', 'Mohan Jose', 'Prem Kumar', 'Maniyanpilla Raju', 'Devan', 'Abu Salim', 'Jaise Jose', 'Santhosh', 'Suresh Krishna', 'Hareesh Kanaran', 'M.R. Gopakumar', 'John Vijay', 'Bijukuttan', 'Narayanan Nair', 'Sanjjanaa Galrani', 'Surabhi Lakshmi', 'Nayan Rosh T M']
Jaspreet Singh: Koi Load Nahi|Koi Load Nahi|||2022|59|['Comedy']|||||
Supereroi|Supereroi|tt10791152|['IT']|2021|100|['Drama', 'Comedy', 'Romance']|6.7|511.0|['Paolo Genovese']|['Paolo Genovese', 'Rolando Ravello', 'Paolo Costella']|['Alessandro Borghi', 'Jasmine Trinca', 'Vinicio Marchioni', 'Greta Scarano', 'Angelica Leo', 'Linda Caridi', 'Gwendolyn Gourvenec', 'Elena Sofia Ricci', 'Beppe Severgnini', 'Flavio Parenti', 'Giacomo Mattia', 'Ermanno Casari', 'Gianluca Gobbi', 'Maria Rita Pantaleoni', 'Federica Fracassi', 'Lorenzo Ferrante', 'Alberto Paradossi', 'Camilla Lehmann', 'Cecilia Campani', 'Sara Federico', 'Malcolm Pagani', 'Claudia Catalli', 'Carola Santopaolo', 'Ermelinda Abbate', 'Carmen Donata Albanese', 'Marco Betti', 'Davide Cabiddu', 'Fabio Argentini', 'Maria Caracciolo', 'Matteo Schimberni', 'Alessandro Galdini', 'Stefania Rinaldi', 'Cristina Ravasi', 'Anna Rota', 'Elena Sara Saeed', 'Liliana Maria Isella', 'Mario Talotta']
The King of Staten Island|Il re di Staten Island|tt9686708|['US']|2020|137|['Drama', 'Comedy']|7.1|58417.0|['Judd Apatow']|['Judd Apatow', 'Pete Davidson', 'Dave Sirus']|['Pete Davidson', 'Bel Powley', 'Ricky Velez', 'Lou Wilson', 'Moises Arias', 'Carly Aquilino', 'Marisa Tomei', 'Maude Apatow', 'Robert Vidal III', 'Angus Costello', 'Pauline Chalamet', 'Lynne Koplitz', 'Joseph Paul Kennedy', 'Nina Hellman', 'Jack Hamblin', 'Kevin Corrigan', 'Stephen Davidson', 'Keith Robinson', 'Luke David Blumm', 'Bill Burr', 'Liza Treyger', 'Derek Gaines', 'Meredith Handerhan', 'Rich Vos', 'Bonnie McFarlane', 'Jay Rodriguez', 'Steve Buscemi', 'Jimmy Tatro', 'Giselle King', 'John Sorrentino', 'Alexis Rae Forlenza', 'Domenick Lombardozzi', 'Rafael Poueriet', 'Pamela Adlon', 'Nana Mensah', 'Machine Gun Kelly', 'Kill', 'Anthony Lee Medina', 'Nyla Durdin', 'Katherine Ray Zimmerman', 'Lilly Brown', 'Robert Smigel', 'Jessica Kirson', 'Laurence Blum', 'David S. Lomax', 'Casey Davidson', 'Antonio Marino', 'Nils Johnson', 'Mario Polit', 'Mike Vecchione', 'Hank Strong', 'Action Bronson', 'Marilyn Torres', 'Teodorina Bello', 'Michelle Sohn', 'Alexandra Abrams', 'Tiffany Blair', 'Matthew Brandt', 'Raina Cheng', 'Leonys Delossantos', 'Anthony Ferrara', 'Tyler Hanson', 'Ken Holmes', 'Alexander Jameson', 'Gina Jun', 'Adam Keane', 'Tess Kondratiev', 'Rob LaColla Jr.', 'Mark Lehneman', 'Bob Leszczak', 'Alexander Low', 'Nico Chang Lynch', 'Marisa Marra', 'Eddy Mejia', 'Gary Miceli', 'Emma R. Mudd', 'Vincent Paolicelli', 'Madeline Faye Santoriello', 'Sabrina Sass', 'Matthew Silva', 'Jimmy Star', 'Gary VanManen', 'Sloane Wolfe', 'Isaac Hirotsu Woofter', 'Melania Zalipsky', 'Sophia Zalipsky', 'Victoria Zalipsky']
The House That Jack Built|La casa di Jack|tt4615254|['FR', 'DE', 'SE', 'DK']|2018|152|['Thriller', 'Horror', 'Crime', 'Drama', 'European']|6.8|70574.0|['Anders Refn', 'Lars von Trier']|['Lars von Trier', 'Jenle Hallund']|['Matt Dillon', 'Bruno Ganz', 'Uma Thurman', 'Siobhan Fallon Hogan', 'Sofie Gråbøl', 'Riley Keough', 'Jeremy Davies', 'Jack McKenzie', 'Mathias Hjelm', 'Ed Speleers', 'Emil Tholstrup', 'Marijana Jankovic', 'Carina Skenhede', 'Rocco Day', 'Cohen Day', 'Robert Jezek', 'Osy Ikhile', 'Christian Arnold', 'Yoo Ji-Tae', 'Johannes Kuhnke', 'Jerker Fahlström', 'David Bailie', 'Robert G. Slade', 'Vasilije Mujka', 'Idi Amin', 'Glenn Gould', 'Adolf Hitler', 'Zedong Mao', 'Benito Mussolini', 'Ola Normelli', 'Lisa Sjöholm', 'Albert Speer', 'Cameron Spurr', 'Iosif Stalin', 'Jesper Tønnes']
A Simple Favor|Un piccolo favore|tt7042558|['CA', 'US']|2018|117|['Thriller', 'Drama', 'Comedy', 'Crime']|6.8|143111.0|['Paul Feig']|['Darcey Bell', 'Jessica Sharzer']|"['Anna Kendrick', 'Ian Ho', 'Joshua Satine', 'Glenda Braganza', 'Andrew Rannells', 'Kelly McCormack', 'Aparna Nancherla', 'Jiah Mavji', 'Ava LaFramboise', 'Blake Lively', 'Henry Golding', 'Dustin Milligan', 'Danielle Bourgon', 'Gia Sandhu', 'Lila Yee', 'Zach Smadu', 'Andrew Moodie', 'Sugenja Sri', 'Rupert Friend', 'Patti Harrison', 'Jason Oliveira', 'Noorin Gulamgaus', 'Katherine Cullen', 'Bashir Salahuddin', 'Howard Hoover', 'Ronnie Rowe', 'Melody Johnson', ""Melissa O'Neil"", 'Eric Johnson', 'Linda Cardellini', 'Paul Jurewicz', 'Sarah Baker', 'Jean Smart', 'Roger Dunn', 'Corinne Conley', 'Olivia Sandoval', 'Nicole Peters', 'Lauren Peters', 'Umed Amin', 'Jamie Jones', 'Lesleh Donaldson', 'Tina Legris', 'Chris Owens', 'Geoffrey Antoine', 'Rosanna Scotto', 'Lorene Stokes', 'Stacey Coke', 'Jung-Yul Kim', 'Domenic Cina', 'Julio Benitez Guardiola', 'Debra Kaiser', 'Carmen Araiza', 'Michael Park Ingram', 'Glen Brough', 'Jeremy Anthony', 'Cyndy Day', 'Daisy Fernando', 'Kerry-Lee Finkle', 'Jake Gosden', 'Lucas Kalechstein', 'Stephanie Moua', 'Cristian Perri', 'Kimberly Rowntree', 'Allison Wilson-Forbes']"
Hitman's Wife's Bodyguard|Come Ti Ammazzo il Bodyguard 2: La Moglie Del Sicario|tt8385148|['US']|2021|117|['Thriller', 'Action', 'Comedy', 'Crime']|6.1|79881.0|['Patrick Hughes']|"[""Tom O'Connor"", 'Phillip Murphy', 'Brandon Murphy']"|['Ryan Reynolds', 'Stewart Alexander', 'Samuel L. Jackson', 'Tsuwayuki Saotome', 'Rebecca Front', 'Noortje Herlaar', 'Michael Gor', 'Georgie Glen', 'Barry Atsma', 'Tine Joustra', 'Gary Oldman', 'Mariana Vekilska', 'Brian Caspe', 'Danko Jordanov', 'Antonio Banderas', 'Simón Andreu', 'Sergio Torrico', 'Salma Hayek', 'Ahmet Mehmet', 'Blake Ritson', 'Tom Hopper', 'Gabriella Wright', 'Kristofer Kamiyasu', 'Roy Hill', 'Sabrina Hill', 'Frank Grillo', 'Caroline Goodall', 'Alice McMillan', 'Didi Anderson', 'Ivan Djuricic', 'Miltos Yerolemou', 'Genko Ivanov', 'Nikola Ceran', 'Tin Matijevic', 'Martina Drakulic', 'Petra Kusan', 'Patrick Hughes', 'Vasil Yordanov', 'Richard E. Grant', 'Dragan Micanovic', 'Genevive Barker', 'Adrian Fekete', 'Harry Taurasi', 'James Beaufort', 'Tomi May', 'Mislav Cavajda', 'Jonas Talkington', 'Mariana Hill', 'Anna-Maria Everett', 'Morgan Freeman', 'Michael Aston', 'Ivor Bagaric', 'Csilla Barath-Bastaic', 'Russell De Rozario', 'Amar Bukvic', 'Enzo Squillino Jr.', 'Jonny James', 'Venice Smith', 'Giulio Berruti', 'Antonio Scarpa', 'Rodolfo Corsato', 'Ivo Arakov', 'Kamontip Krissy Ashton', 'Ana Maria Aver', 'Tom Barnett', 'Patrycja Bodzek', 'Bekka Bowling', 'Bern Collaço', 'Nathan Cooper', 'Pamela Betsy Cooper', 'Rok Cvetkov', 'Kateryna Globa', 'Dimitar Ilkov', 'Roger King', 'Max Kraus', 'Adnan Kundi', 'Marek Lichtenberg', 'Prince Marfo', 'Charlotte Nash', 'Jess Nesling', 'Kate Nichols', 'Todor Parpulov', 'Hiten Patel', 'Ivana Radjenovic', 'Jas Rivers', 'Mason Shortland', 'Mihai Tuca', 'Petra Vukelic']
Green Book|Green Book|tt6966692|['US']|2018|130|['Comedy', 'Drama', 'Music']|8.2|457069.0|['Peter Farrelly']|['Nick Vallelonga', 'Brian Hayes Currie', 'Peter Farrelly']|['Viggo Mortensen', 'Mahershala Ali', 'Linda Cardellini', 'Sebastian Maniscalco', 'Dimiter D. Marinov', 'Mike Hatton', 'P.J. Byrne', 'Joe Cortese', 'Maggie Nixon', 'Von Lewis', 'Jon Sortland', 'Don Stark', 'Anthony Mangano', 'Paul Sloan', 'Quinn Duffy', 'Seth Hurwitz', 'Hudson Galloway', 'Gavin Lyle Foley', 'Rodolfo Vallelonga', 'Louis Venere', 'Frank Vallelonga', 'Don DiPetta', 'Jenna Laurenzo', 'Suehyla El-Attar Young', 'Kenneth Israel', 'Derrick Spears', 'Johnny Williams', 'Randal Gonzalez', 'Iqbal Theba', 'Sharon Landry', 'Nick Vallelonga', 'David An', 'Mike Cerrone', 'Peter Gabb', 'Gertrud Sigle', 'Geraldine Singer', 'Ron Flagge', 'Martin Bats Bradford', 'Ted Huckabee', 'Gralen Bryant Banks', 'Sam Malone', 'Floyd Miles', 'David Kallaway', 'James W. Evermore', 'Harrison Stone', 'Ricky Muse', 'Tom Virtue', 'Christina Simpkins', 'Kermit Burns III', 'Lindsay Brice', 'Shane Partlow', 'Daniel Greene', 'Brian Distance', 'Craig DiFrancia', 'Dennis W. Hall', 'Leslie Castay', 'David Simpson', 'Jim Klock', 'Billy Breed', 'Dane Rhodes', 'Brian Stepanek', 'Jon Michael Davis', 'Montrel Miller', 'Ninja N. Devoe', 'Brian Hayes Currie', 'Ethan Airhart', 'Lexi Elizabeth Audler', 'Brett Beoubay', 'Corey Booth', 'Rusty Bourg', 'Tracy Brotherton', 'Rebecca Chulew', 'Jay Conlin', 'John Currie', 'Karen Dalferes', 'Douglas DeLisle', 'Jared Drennan', 'John Frederick', 'William E. Harris', 'Shawn Bradly Hoefer', 'Jessica Underwood James', 'Jackie Jenkins Jr.', 'Andreanna L Jenson', 'DeJuon Joseph', 'Karn Kalra', 'Steve Kish', 'Jeffrey Klemmer', 'Ken Knight', 'Kate Kuen', 'Emily LaGroue', 'Cynthia LeBlanc', 'Elton LeBlanc', 'Bruce Vincent Logan', 'Tonya Maldonado', 'Phil Meyer', 'Arnold Montey', 'Lauretta Morrison', 'Shane Pagano', 'Marine Pascetta', 'Ron M Patterson', 'Jeffrey Riseden', 'Lindsay Small Barrios', 'Toney Chapman Steele', 'Mike A. Young']
Being the Ricardos|A proposito dei Ricardo|tt4995540|['US']|2021|132|['Drama', 'History']|6.6|35779.0|['Aaron Sorkin']|['Aaron Sorkin']|['Nicole Kidman', 'Javier Bardem', 'J.K. Simmons', 'Nina Arianda', 'Tony Hale', 'Alia Shawkat', 'Jake Lacy', 'Linda Lavin', 'Ronny Cox', 'John Rubinstein', 'Clark Gregg', 'Nelson Franklin', 'Jeff Holman', 'Jonah Platt', 'Christopher Denham', 'Brian Howe', 'Ron Perkins', 'Baize Buzan', 'Matt Cook', 'Josh Bednarsky', 'Dana Lyn Baron', 'Dan Sachoff', 'Max Silvestri', 'Renee Pezzotta', 'Chris Wolfe', 'Breanna Wing', 'Caroline Anderson', 'Jamie Miller', 'Gail Rastorfer', 'Russ Burd', 'Guido Cocomello', 'John Funk', 'Angela Leib', 'David Saenz', 'Stephanie Lesh-Farrell', 'Ron Ostrow', 'Pamela Mitchell', 'Lawrence Novikoff', 'Jack Benza', 'Peter Onorati', 'Evie Nicholson', 'Rick Batalla', 'John F. Carpenter', 'Melinda Sullivan', 'Christian Roberts', 'Gus Lynch', 'Allan Wayne Anderson', 'David Fyne', 'Val Chmerkovskiy', 'Asiel Hardison', 'Reina Hidalgo', 'Jenna Johnson', 'Will Loftis', 'Noelle Marsh', 'Leo Moctezuma', 'Nayara Núñez', 'Britt Stewart', 'Eddie Torres Jr.', 'James Patrick Duffy', 'Emily Marsh', 'Cece Camps', 'Daniel Armella', 'Molly Meyer', 'Shiree Nelson', 'Bennie Arthur', 'Daniela Azuaje', 'Benedikt Brydern', 'Audra Buras', 'Jenya Chaplin', 'Ian James Corlett', 'Jack Daniel', 'Louis Delavenne', 'Amanda J. Dobos', 'Lori Dorfman', 'Kate Ellie Fitzgerald', 'Mary Flynn', 'Paul Riley Fox', 'Dina Freberg', 'Sarah Hamilton', 'Bob Honest', 'James Hutson', 'Artur Lago-V', 'Vincent Lionetti', 'Fedor Lobov', 'Luke Matheis', 'Heywood McGuffee', 'Molly Nevola', 'Alexa Niemi', 'Jekyns Pelaez', 'Luke Persiani', 'Robert Pine', 'Jeremiah Ripley', 'Bruce M. Stockert']
Vice|Vice - L'uomo nell'ombra|tt6267522|['US']|2018|132|['Drama', 'Documentation', 'Comedy']|7.2|139439.0|['Adam McKay']|['Adam McKay']|"['Christian Bale', 'Amy Adams', 'Steve Carell', 'Sam Rockwell', 'Alison Pill', 'Eddie Marsan', 'Justin Kirk', 'LisaGay Hamilton', 'Jesse Plemons', 'Bill Camp', 'Don McManus', 'Lily Rabe', 'Shea Whigham', 'Stephen Adly Guirgis', 'Tyler Perry', 'Josh Latzer', 'Jeff Bosley', 'Camille James Harman', 'Jillian Armenante', 'Matthew Jacobs', 'Robert L. Hughes', 'Scott Christopher', 'Amir Malaklou', 'Paul Perri', 'Edward Fletcher', 'Brian Chung', 'Kawa Mawlayee', 'Alex MacNicoll', 'Cailee Spaeny', 'Brandon Sklenar', 'Casey Sander', 'Joe Sabatino', 'Fay Masterson', 'Dan Gilvary', 'Stephen Friedrich', 'Kyle S. More', 'Robyn Wholey', 'Betsy Koch', 'Elliot Zetumer', 'Kirk Bovill', 'Violet Hicks', 'Colyse Harger', 'Brandon Bales', 'Brian Poth', 'Sam Massaro', 'Doug Simpson', 'Scott Subiono', 'Dennis LaValle', 'Al Carabello', 'Melissa K. Marks', 'Treisa Gary', 'Chris Dougherty', 'John Hillner', 'Grace Rowe', 'Michael Reilly Burke', 'Staci Roberts Steele', 'William Goldman', 'Tony Forsmark', 'Adam Bartley', 'Daniel Bruington', 'Vishesh Chachra', 'Kevin Flood', 'Michael A. Naggi', 'Melissa Schumacher', 'Delpaneaux Wills', 'Scott Alan Smith', 'Paul Yoo', 'Brandon Firla', 'Omid Zader', 'David Yahya', 'Karim Saleh', 'Terri Cavanaugh', 'Stewart J. Zully', 'Ptolemy Slocum', 'Melody Hollis', 'Matt Champagne', 'Joseph Beck', 'Tony Graham', 'Alex Kingi', 'Vanessa Cloke', 'David Fabrizio', 'Matt Miller', 'Mark Bramhall', 'Holly Hawkins', 'John Kellar', 'Dustin Green', 'James Hornbeck', 'Robert Loftin', 'Kevin Symons', 'Stacie Greenwell', 'Amy Moorman', 'Marc Abbink', 'Amber Alexander', 'Gary Anderson', 'Kofi Annan', 'Ashlen Aquila', 'Bailey Ardies', 'Kris Arnold', 'Andreas Arristos', 'Robert Artz', 'Ronnie Ashury', 'David Babbitt', 'Gary Ballard', 'Danny Barba', 'Kevyn Bashore', 'Scott Alan Berk', 'Joseph Bezenek', 'Osama bin Laden', 'Tony Blair', 'Dylan James Boland', 'Michael Bombolo', 'Rocky Bonifield', 'Andrew Borene', 'Lesley Ann Braun', 'Tom Brokaw', 'Todd Aaron Brotze', 'Gordon Brown', 'John Burke', 'Liz Burnette', 'Bill Burns', 'Christopher M. Campos', 'Zoe Michele Campos', 'Jimmy Carter', 'Javier Chavarin', 'Caroline Clements', 'Hillary Clinton', 'Andrew Constantini', 'Vicki Jo Costanzo', 'Jonathan Cowley', 'Tony Cronin', 'Dan Crowley', 'Shaun Daley', 'Victor Dante', 'Rick L. Dean', 'Sonia Debreczeni', 'Adrian Dev', 'Michael DiBacco', 'Paloma Dominguez', 'Nick Drago', 'Allie Duncan', 'Karolina Kennedy Durrence', 'Zouhair Elghazi', 'Michelle Ells', 'Jonah Falcon', 'Joschka Fischer', 'Ethan Flower', 'Jane Fonda', 'Aidan Gail', 'Michael Garvey', 'Whoopi Goldberg', 'Travis Grenke', 'Chet Grissom', 'Mustafa Haidari', 'Valerie Hall', 'Gordon Hart', 'Calissa Hatfield', 'Tyler Hayse', 'Scott Hislop', 'Benjamin Hoekstra', 'R Scott Hoffman', 'Pilar Holland', 'Ginger Horne', 'Tara Nicole Hughes', 'Sean T. James', 'Abraham Justice', 'Michael Lawrence Kaye', 'Dan Kinsella', 'Henry Kissinger', 'Alex Knight', 'Jennifer Lamar', 'Richard Lawrence', 'Angela Leib', 'Alex Leontev', 'Elizabeth Liang', 'Matan Mallinger', 'Vanessa Marie', 'Abigail Marlowe', 'Casey McDougal', 'Neal McNeil', 'Matt Merchant', 'Capri Milian', 'Palena Milian', 'Roman Mitichyan', 'Alfred Molina', 'Anita Moore', 'Shannon Mosley', 'Mr. T', 'Benito Mussolini', 'Stef Nicoli', 'Richard Nixon', 'Sabina Nogic', 'Matt Nolan', ""Damon O'Daniel"", 'Barack Obama', 'Michelle Obama', 'Don Pecchia', 'Mike Pence', 'William Pierce', 'Kevin Pitcairn', 'Tyson Power', 'Allie Pratt', 'Bill Prudich', 'Deepak Raj', 'Bubba Dean Rambo', 'Nancy Reagan', 'Ronald Reagan', 'David Philip Reed', 'John Roberts', 'Antonio Rosa', 'Saint Santos', 'Kelsey Saunders', 'Frank Scozzari', 'Jeff Sessions', 'Obie Sims', 'Paige Smith', 'Tiffany Smith', 'Rome Stephens', 'Katherine Stephens-Miller', 'Chuck Taber', 'Tim Trobec', 'Mirco Tscharner', 'Scott Vance', 'John Davis Walker', 'Trent Walker', 'Barbara Walters', 'Marla Aaron Wapner', 'Naomi Watts', 'Alex Wexo', 'Eric White', 'Cheyenne Wilbur', 'Time Winters', 'Jeff Witzke', 'Dean Wood', 'Andrea Wright', 'Alina Zilbershmidt']"
Promises|Promises|tt10042788|['IT']|2021|113|['Drama']|5.6|103.0|['Amanda Sthers']|['Amanda Sthers']|['Pierfrancesco Favino', 'Kelly Reilly', 'Jean Reno', 'Cara Theobold', 'Kris Marshall', 'Deepak Verma', 'Leon Hesby', 'Ginnie Watson', 'Marie Mouté', 'Mary Louise Gray', 'Giulio Corso', 'Franca Abategiovanni', 'Douglas Dean', 'Freddy Drabble', 'Michael Fitzpatrick', 'Gabriele Forte', 'Giulia Gabriele', 'Ethan Hunsinger', 'Marco Iannone', 'Alice Maselli', 'Nick Rea', 'Alessandro Riceci', 'Yvonne Sciò', 'Gaia Scodellaro', 'Marco Ar Carboni']
2067|2067 - Battaglia per il futuro|tt1918734|['AU']|2020|114|['Thriller', 'Scifi']|4.9|8654.0|['Seth Larney']|['Seth Larney', 'Gareth Davies', 'Galvin Scott Davis', 'Dave Paterson']|"['Aaron Glenane', 'Kodi Smit-McPhee', 'Ryan Kwanten', 'Finn Little', 'Deborah Mailman', ""Sana'a Shaik"", 'Matt Testro', 'Damian Walshe-Howling', 'Leeanna Walsman', 'Aidan Gillett', 'Craig McArdle', 'Andy McPhee', 'Chris Mitchell', 'Checc Musolino', 'Rachael Wegener', 'Janet Tan', 'Meme Thorne', 'Rory Walker', 'Natasha Wanganeen', 'Judd Wild', 'Paul Prenzler', 'Bec Janek', 'Anna Dadic', 'Charles Aldrige', 'V. Wasylczenko', 'Don Manul', 'Rashidi Edward']"
The Hating Game|Ti odio, anzi no, ti amo!|tt8718158|['US']|2021|102|['Comedy', 'Romance']|6.3|9527.0|['Peter Hutchings']|['Christina Mengert', 'Sally Thorne']|['Lucy Hale', 'Austin Stowell', 'Damon Daunno', 'Sakina Jaffrey', 'Corbin Bernsen', 'Yasha Jackson', 'Sean Cullen', 'Nance Williamson', 'Shona Tucker', 'Brock Yurich', 'Robby Johnson', 'Tania Asnes', 'Nicholas Baroudi', 'David Ebert', 'Kathryn Boswell', 'Crystal Tweed', 'Kevin Carrigan', 'Katie Lynn Johnson', 'Richard Hutchings', 'Kat Gonzalez', 'Ray Faiola', 'Mariana Leung', 'Erica Marquez', 'Vinnie Velez', 'Jermaine Wells']
Snake Eyes: G.I. Joe Origins|Snake Eyes: G.I. Joe - Le origini|tt8404256|['CA', 'JP', 'US']|2021|121|['Action', 'Scifi', 'Thriller', 'Fantasy']|5.4|33114.0|['Robert Schwentke']|['Evan Spiliotopoulos', 'Joe Shrapnel', 'Anna Waterhouse']|"['Henry Golding', 'Andrew Koji', 'Haruka Abe', 'Takehiro Hira', 'Eri Ishida', 'Iko Uwais', 'Peter Mensah', 'Úrsula Corberó', 'Samara Weaving', 'Samuel Finzi', 'Steven Allerick', 'Max Archibald', 'Simon Chin', 'Derrick de Villiers', 'Kento Matsunami', 'James Hiroyuki Liao', 'Kenji Tanigaki', 'Dean Muhtadi', 'Sean Owen Roberts', 'Jason Day', 'Kojun Notsu', 'Neal Honda', 'Ryan Klarenbach', 'Owen Szabo', 'Brandon Melendy', 'Gui DaSilva-Greene', 'Solomon Brende', 'Samuel LeBrasseur', ""Hugh Aodh O'Brien"", 'Michael Gaines', 'Paul Cheng', 'Calum Dench', 'Nicholas Dohy', 'Kenyon Ebole-Gordon', 'Masashi Ishizuka', 'Shota Kakibata', 'Kasey Ryne Mazak', 'NF Ravi']"
Hunter Killer|Hunter Killer - Caccia negli abissi|tt1846589|['GB', 'US', 'CN']|2018|122|['Thriller', 'Action']|6.6|61477.0|['Donovan Marsh']|['Arne Schmidt', 'Jamie Moss', 'George Wallace', 'Don Keith']|"['Ethan Baird', 'Jacob Scipio', 'Dempsey Bovell', 'Corey Johnson', 'Adam James', 'Common', 'Henry Goodman', 'Colin Stinton', 'Gary Oldman', 'Gerard Butler', 'Carter MacIntyre', 'Shane Taylor', 'Kola Bokinni', 'Mikey Collins', 'Will Attenborough', 'Kieron Bimpson', 'David Gyasi', 'Michael Jibson', 'Christopher Goh', 'Brian Kinney', 'Sarah Middleton', 'Taylor John Smith', 'Gabriel Chavarria', 'Cosmo Jarvis', 'Linda Cardellini', 'Toby Stephens', 'Michael Trucco', 'Ryan McPartlin', 'Zane Holtz', 'Alexander Diachenko', 'Yuri Kolokolnikov', 'Michael Gor', 'Igor Jijikine', 'Ilia Volok', 'Hristo Mitzkov', 'Stefan Ivanov', 'Michael Nyqvist', 'Caroline Goodall', 'David Yelland', 'Stuart Milligan', 'Robert-Anthony Artlett', 'Lee Asquith-Coe', 'Theo Barklem-Biggs', 'Ahmed Belber', 'Aleksandar Belovski', 'Ross Carter', 'Nathan Cooper', 'Bradley Crees', 'Dino Fazzani', 'Richard Hills Jr.', 'Michael Hoad', 'Justified', 'Marian Lorencik', 'Jake Mann', 'Jason Matthewson', 'Elizabeth McCafferty', 'Stephen McDade', 'Paul A Munday', 'Halima Nagori', 'Jason Newell', ""Niall D O'Loughlin"", 'Charlie Oginni', 'Michael On', 'Stephanie Pezolano', 'Bernardo Santos', 'Atanas Srebrev', 'Debra Tammer', 'Nadia Townsend', 'Stuart Whelan', 'John Whitby']"
A Quiet Place Part II|A Quiet Place II|tt8332922|['US']|2021|97|['Thriller', 'Horror', 'Scifi', 'Drama']|7.2|201948.0|['John Krasinski']|['John Krasinski', 'Bryan Woods', 'Scott Beck']|"['Emily Blunt', 'John Krasinski', 'Millicent Simmonds', 'Noah Jupe', 'Cillian Murphy', 'Djimon Hounsou', 'Okieriete Onaodowan', 'Scoot McNairy', 'Zachary Golinger', 'Blake DeLong', 'Stefania Warwick', 'Alycia Ripley', 'Cristalis Bonilla', 'Domonic Taggart', 'Silas Pereira-Olson', 'Alice Sophie Malyukova', 'Ashley Dyke', 'Dean Woodward', 'Barbara Singer', 'David Lundy', 'Michaela Pace', 'Mark Bogumil', 'Liz Cameron', 'Joe Cappelli', 'Kadrolsha Ona Carole', 'Robert A. Coldicott', 'Michael Alan Collette', 'Chad Corbi', 'Lauren-Ashley Cristiano', 'Wayne Duvall', 'Sheri Fairchild', 'Paulette D. Harris', 'Jesse Huntz', 'Tess Karl', 'Danny Kubiak', 'Kyle Licht', 'Jill Mack', 'Kris Mardula', 'Dan Martin', 'Scott Matheny', 'Vincenzo L. McNeill', 'Mairyn Mull', ""Mick O'Keefe"", 'Tim Saracki', 'Bill Smith', 'Jay Stockslader', 'Kerry Streams', 'Gary Sundown', 'Colin Taylor', 'Marcus Thompson Jr.', 'Corey Ronald Walter', 'Kaelyn Walter']"
Ariaferma|Ariaferma|tt12744120|['IT', 'CH']|2021|117|['Drama']|7.1|778.0|['Leonardo Di Costanzo']|['Leonardo di Costanzo', 'Bruno Oliviero', 'Valia Santella']|['Toni Servillo', 'Silvio Orlando', 'Fabrizio Ferracane', 'Salvatore Striano', 'Roberto De Francesco', 'Pietro Giuliano', 'Nicola Sechi', 'Leonardo Capuano', 'Antonio Buíl', 'Giovanni Vastarella', 'Francesca Ventriglia']
The Gentlemen|The Gentlemen|tt8367814|['US', 'GB']|2019|113|['Comedy', 'Crime', 'Action']|7.8|308037.0|['Guy Ritchie']|['Guy Ritchie', 'Ivan Atkinson', 'Marn Davies', 'Lauren Bond']|"['Matthew McConaughey', 'Charlie Hunnam', 'Michelle Dockery', 'Jeremy Strong', 'Lyne Renée', 'Colin Farrell', 'Henry Golding', 'Tom Wu', 'Chidi Ajufo', 'Hugh Grant', 'Simon R. Barker', 'Eddie Marsan', 'Jason Wong', 'John Dagleish', 'Jordan Long', 'Lily Frazer', 'Gershwyn Eustache Jnr', 'Samuel West', 'Geraldine Somerville', 'Eliot Sumner', 'Franz Drameh', 'Christopher Evangelou', 'James Warren', 'Sean Sagar', 'Bugzy Malone', 'Tom Rhys Harries', 'Danny Griffin', 'Max Bennett', 'Eugenia Kuzmina', 'Bruce Chong', 'Ashley McGuire', 'George Asprey', 'Shanu Hazzan', 'Jack Jones', 'Sammy Williams', 'Ryan Dean', 'Guy List', 'Marvin Campbell', 'Will Mackay', 'Matt Sherren', 'Jason Hunjan', 'Maurice Lee', 'Russell Balogh', 'Togo Igawa', ""Jack O'Connor"", 'McKell David', 'Isaiah Zev', 'David Garrick', 'Tom Lambert', 'Andy Cheung', 'Mark Rathbone', 'Ned Campbell', 'Andrew Greenough', 'Timothy Siddall', 'Dominic Gibbs', 'Simon Adkins', 'Chloe Arrowsmith', 'Brittany Ashworth', 'Steve Barnett', 'Alex Batareanu', 'Elle Black', 'Mike Bodnar', 'Troy Dixon', 'Amor Evans', 'Nicholle Hembra', 'Oleg Hill', 'Jason Lines', 'Guy Ritchie', 'Rubens Saboia', 'Tom Sandell', 'Steve Saunders', 'Jon Xue Zhang']"
Wrath of Man|La furia di un uomo - Wrath of Man|tt11110916|['US', 'GB']|2021|119|['Thriller', 'Crime', 'Drama', 'Action', 'Comedy']|7.1|154827.0|['Guy Ritchie']|['Nicolas Boukhrief', 'Éric Besnard', 'Guy Ritchie', 'Ivan Atkinson', 'Marn Davies']|"['Jason Statham', 'Holt McCallany', 'Rocci Williams', 'Josh Hartnett', 'Jeffrey Donovan', 'Scott Eastwood', 'Andy Garcia', 'Deobia Oparei', 'Laz Alonso', 'Raúl Castillo', 'Chris Reilly', 'Eddie Marsan', 'Niamh Algar', 'Tadhg Murphy', 'Alessandro Babalola', 'Mark Arnold', 'Gerald Tyler', 'Alex Ferns', 'Josh Cowdery', 'Jason Wong', 'Rob Delaney', 'Eli Brown', 'Kerry Shale', 'Cameron Jack', ""Darrell D'Silva"", 'Babs Olusanmokun', 'Thomas Dominique', 'Lyne Renée', 'Rebecca Calder', 'Matthew Illesley', 'Phoebe Farnham', 'Eve Macklin', 'Fernando Martinez', 'James Warren', 'Post Malone', 'Sam Shoubber', 'Anthony Elfonzia', 'Brian Schaeffer', 'Mark Cotone', 'Kojo Attah', 'Cain Aiden', 'Martin Bratanov', 'Stevee Davies', 'Nick Donald', 'Khalid Ghajji', 'Leonardo Lacaria', 'Leon Lee', 'Luke Lynch', 'Stephanie Mae', 'Montana Manning', 'Anthony Molinari', 'NF Ravi', 'Christian Sanderson', 'Mark Shrimpton', 'Daniel Joseph Woolf']"
The Tender Bar|The Tender Bar - Il bar delle grandi speranze|tt3108894|['US']|2021|104|['Drama']|6.7|22741.0|['George Clooney']|['William Monahan', 'J.R. Moehringer']|['Ben Affleck', 'Tye Sheridan', 'Daniel Ranieri', 'Lily Rabe', 'Christopher Lloyd', 'Max Martini', 'Rhenzy Feliz', 'Briana Middleton', 'Max Casella', 'Sondra James', 'Michael Braun', 'Matthew Delamater', 'Ivan Leung', 'Danielle Ranieri', 'Kate Avallone', 'Mark Boyett', 'Quincy Tyler Bernstine', 'Ezra Knight', 'David Carl', 'Shannon Collis', 'Keira Jo Lassor', 'Jennifer C. Johnson', 'Michael Steven Costello', 'Kate Middleton', 'Jackson Damon', 'Caroline Bergwall', 'Daniel Washington', 'Jenny Eagan', 'Steve Gagliastro', 'Annabella Valle', 'Clara Jane Kelly', 'Meara Mahoney Gross', 'Ron Livingston', 'Michael Balzano III', 'Alex Barber', 'Julia Bechler', 'Keith R Beck', 'Alissa Bourne', 'Christina Calvao', 'Elijah Carvalho', 'Nicole Chamberlain', 'Christian Cibotti', 'Cody Corelli', 'Daniel George', 'Patrick W. Griffin', 'Kimberly Howe', 'Chelsea Hueter', 'Dean H. Huh', 'Ian Dylan Hunt', 'Zack Ignoffo', 'Frankie Justin', 'Ken Kansky', 'Elbert Kim', 'James J. LaBonte', 'Jo-anne Lee', 'Leslie Luke', 'Jeff MacKinnon', 'Billy Meleady', 'Lily Narbonne', 'Donna Ognibene', 'Addison Oken', 'David Pridemore', 'Melanie Blake Roth', 'Lincoln Rulman', 'Mary Ann Schaub', 'Justin M. Tolliver', 'Chloe Trejo', 'Anastasia Tsikhanava', 'Samantha Vita', 'Mely Wu']
Beautiful Boy|Beautiful Boy|tt1226837|['US']|2018|121|['Drama']|7.3|69358.0|['Felix van Groeningen']|['Luke Davies', 'Felix van Groeningen', 'David Sheff', 'Nic Sheff']|['Steve Carell', 'Maura Tierney', 'Jack Dylan Grazer', 'Oakley Bull', 'Christian Convery', 'Timothée Chalamet', 'Amy Aquino', 'Carlton Wilborn', 'Stefanie Scott', 'Marypat Farrell', 'Timothy Hutton', 'Amy Forsyth', 'Kue Lawrence', 'Brandon James Cienfuegos', 'Cheska Corona', 'Mandeiya Flory', 'Martha T. Newman', 'Minerva García', 'Nikki Snipper', 'Amy Ryan', 'Andre Royo', 'Anastasia Leddick', 'Zachary Rifkin', 'Edward Fletcher', 'Justin Townes Earle', 'Seann Gallagher', 'Brooklin Thacher', 'Kaitlyn Dever', 'Julian Works', 'Sasha Kelly Jackson', 'Tom Beyer', 'LisaGay Hamilton', 'Jeff Adler', 'Moises Amaya', 'Ford Austin', 'Isabel Aya', 'Kevin Courtney Black', 'David Blount-Porter', 'Arwen Boatman-Vazquez', 'John-Paul Boatman-Vazquez', 'Liberty Bradford', 'Cabran E. Chamberlain', 'Tom Choi', 'Carl Collanus', 'Julian Crouser', 'Dylan Kento Curtis', 'Sam Dillon', 'Emmet Flores', 'Adi Freeman', 'Douglas Gawoski', 'Sofia Guglielmelli', 'Kevin Hawley', 'Rodney J. Hobbs', 'Audrey Genevieve Holland', 'Frederick Lawrence', 'John Lobato', 'Ricky Low', 'Krissy Lu', 'Carlee Maciel', 'Mary Lu Marr', 'Brett Matthews', 'Michael Patrick McGill', 'David Mendenhall', 'Monterey Morrissey', 'Lourdes Nadres', 'Kelly Needleman', 'Steve Warky Nunez', 'Christina Billisi Ramos', 'Jeff Redlick', 'Lily Steinmetz', 'Dylan Thiffault', 'Etienne Vick', 'Jimi Wheeler']
The Silencing|The Silencing - Senza voce|tt7149730|['US', 'CA']|2020|93|['Thriller', 'Action', 'Crime']|6.2|21033.0|['Robin Pront']|['Micah Ranum']|"['Nikolaj Coster-Waldau', 'Caleb Ellsworth-Clark', 'Josh Cruddas', 'Annabelle Wallis', 'Zahn McClarnon', 'Hero Fiennes Tiffin', 'Lisa Cromarty', 'Leland Assinewai', 'Kayla Dumont', 'Shaun Smyth', 'Jason Jazrawy', 'Brielle Robillard', 'Melanie Scrofano', 'Charlotte Lindsay Marron', 'Patrick Garrow', 'Mark Charles Cowling', 'Heather Stevenson', 'Tiahra Tulloch', 'Danielle Ryan', ""Gregory 'Dominic' Odjig"", 'Bart Rochon', 'Alec Stockwell', 'Sharon Canovas', 'Jennifer Kirton', 'Miranda McColman', 'Justin James Remeikis', 'Trailer', 'Daina Barbeau', 'Annastasia Boston']"
Спутник|Sputnik|tt11905962|['RU']|2020|113|['Scifi', 'Horror', 'Thriller', 'Drama']|6.4|22856.0|['Oleg Romanov', 'Egor Abramenko']|['Oleg Malovichko', 'Andrey Zolotarev']|['Oksana Akinshina', 'Fedor Bondarchuk', 'Pyotr Fyodorov', 'Anton Vasilev', 'Aleksey Demidov', 'Anna Nazarova', 'Aleksandr Marushev', 'Albrecht Zander', 'Vitaliya Kornienko', 'Vasiliy Zotov', 'Irina Byakova', 'Oleg Malovichko', 'Natalya Shvets', 'Pavel Ustinov']
Come un gatto in tangenziale - Ritorno a Coccia di Morto|Come un gatto in tangenziale - Ritorno a Coccia di Morto|tt12877966|['IT']|2021|109|['Comedy']|5.9|887.0|['Riccardo Milani']|['Furio Andreotti', 'Giulia Calenda', 'Paola Cortellesi', 'Riccardo Milani']|['Luca Argentero', 'Claudio Amendola', 'Paola Cortellesi', 'Sonia Bergamasco', 'Sarah Felberbaum', 'Antonio Albanese', 'Mariano Rigillo', 'Beatrice Schiros', 'Alice Maselli']
Robin Hood|Robin Hood - L'origine della leggenda|tt4532826|['US']|2018|116|['Thriller', 'Fantasy', 'Action', 'Drama']|5.3|71317.0|['Otto Bathurst']|['Ben Chandler', 'David James Kelly']|['Taron Egerton', 'Jamie Foxx', 'Ben Mendelsohn', 'Eve Hewson', 'Jamie Dornan', 'Tim Minchin', 'Paul Anderson', 'F. Murray Abraham', 'Ian Peck', 'Cornelius Booth', 'Kane Headley-Cummings', 'Scot Greenan', 'Lara Rossi', 'Kevin Griffiths', 'Catriona Temple', 'Björn Bengtsson', 'Nick Wittman', 'Yasen Atour', 'Josh Herdman', 'Jerome Holder', 'Kembe Sorel', 'Jonathan Peck', 'László Áron', 'Declan Hannigan', 'Antonio Lujak', 'Roderick Hill', 'Matt Devere', 'Andrea Mladinic', 'Frane Perisin', 'Théau Courtès', 'Marijan Hinteregger', 'Russell Johnson', 'Asa Jonson', 'Yun Lai', 'Amélina Limousin', 'Cédric Martin', 'Victoria Mestre Wessler', 'Keti Pjevic', 'Stephen Ralphs', 'Ivan Sutalo', 'Elemer Szatmari', 'Eloïse Valli', 'Balázs Veres']
Dangerous|Pericoloso - Dangerous|tt13456308|['US']|2021|99|['Thriller', 'Action']|5.1|4227.0|['David Hackl']|['Christopher Borrelli']|"['Scott Eastwood', 'Kevin Durand', 'Famke Janssen', 'Tyrese Gibson', 'Mel Gibson', 'Brenda Bazinet', 'Ryan Robbins', 'Brendan Fletcher', 'Leanne Lapp', 'Chad Rook', 'Brock Morgan', 'Destiny Millns', 'Atlee Smallman', 'Jayce Barreiro', 'Al Miro', 'Emmanuel Addo', 'Jack Mitchel', 'Grant Vlahovic', ""Matthew Che'z"", 'Matt Brown', 'Alvin Tam']"
Mandy|Mandy|tt6998518|['US', 'BE']|2018|122|['Horror', 'Thriller', 'Fantasy', 'Action', 'European']|6.6|73741.0|['Panos Cosmatos']|['Panos Cosmatos', 'Aaron Stewart-Ahn', 'Casper Kelly']|"['Nicolas Cage', 'Andrea Riseborough', 'Linus Roache', 'Ned Dennehy', 'Olwen Fouéré', 'Richard Brake', 'Bill Duke', 'Line Pillet', 'Clément Baronnet', 'Alexis Julemont', 'Stephan Fraser', 'Ivailo Dimitrov', 'Hayley Saywell', 'Kalin Kerin', 'Tamás Hagyuó', ""Madd'yz Dog Lollyta"", 'Corfu', 'Paul Painter', 'Zeva DuVall', 'Isaiah C. Morgan']"
American Animals|American Animals|tt6212478|['US', 'GB']|2018|115|['Drama', 'Crime', 'History', 'Thriller', 'Documentation']|7.0|43325.0|['Bart Layton']|['Bart Layton', 'Jon Croker', 'Peter Straughan', 'Claudia Zie', 'Ed Wethered', 'Joe Murtagh']|"['Spencer Reinhard', 'Warren Lipka', 'Eric Borsuk', 'Chas Allen', 'Betty Jean Gooch', 'Evan Peters', 'Blake Jenner', 'Barry Keoghan', 'Jared Abrahamson', 'Eddie King', 'Karen Wheeling Reynolds', 'James Rackley', 'Drew Starkey', 'Anthony J. Police', 'Ann Dowd', 'Abigail Dolan', 'Kevin L. Johnson', 'Mike Stoudt', 'Gary Basaraba', 'Lara Grice', 'Udo Kier', 'Fedor Steer', 'Jack Landry', 'Wayne Duvall', 'Blaque Fowler', 'Tonya Bludsworth', 'Gretchen Koerner', 'Carroll M. Johnson', 'Whitney Goin', 'Robert C. Treveiler', 'Jane McNeill', 'Dorothy Reynolds', ""Pat O'Keefe"", 'Maggie Lacey', 'Al Mitchell', 'Cowboy', 'Bobby Akers', 'Tiffany Alice', 'Sophia Alongi', 'Kareem L. Alston', 'American Animals', 'Cameran Bellamy', 'Kelly Borgnis', 'Braden Bunch', 'Jason Caceres', 'Bonnie Cole', 'Brian Cole', ""Steven 'Trainset' Curtis"", 'Chris Davidovicz', 'John Demers', 'Elijah Everett', 'Steven E. Farrar', 'Willie Tyrone Ferguson', 'Jeremiah Fewell', 'Robert Fortunato', 'Lauran Foster', 'Derwin Frank', 'Daniel Freeze', 'Brent Moorer Gaskins', 'Carter W Glade', 'Hunter Gray', 'Brent Gribble', 'Henry Hunter Hall', 'Sterling Hayden', 'Alec Heroux', 'Hannah Hoyt', 'Josh Jordan', 'Grant Lane', 'David Lowe', 'Liam Marcy', 'Ben McIntire', 'Amanda Medina', 'Kevin Murray', 'Joel Nathaniel', 'Grayson Nickel', ""Kevin J. O'Connor"", 'Tim Olcott', 'Stephen Royal Phillips', 'Stacy Rabon', 'Kate Roth', 'Josh Royston', 'Rachelle Sanders', 'Marlo Scheitler', 'Benjamin Schnau', 'AJ Taylor', 'Cody Taylor', 'Patrick Tennin', 'Ryan Daniel Thompson', 'Izem Ustun', 'Charlie Vesci', 'James R. Wiley']"
